{
  "v": "5.5.7",
  "fr": 29.9700012207031,
  "ip": 0,
  "op": 23.0000009368092,
  "w": 240,
  "h": 230,
  "nm": "Comp 1",
  "ddd": 0,
  "assets": [],
  "layers": [
    {
      "ddd": 0,
      "ind": 1,
      "ty": 4,
      "nm": "Leaf",
      "parent": 5,
      "sr": 1,
      "ks": {
        "o": { "a": 0, "k": 100, "ix": 11 },
        "r": {
          "a": 1,
          "k": [
            {
              "i": { "x": [0.451], "y": [1] },
              "o": { "x": [0.493], "y": [0] },
              "t": 0,
              "s": [9]
            },
            { "t": 12.6675005159579, "s": [11] }
          ],
          "ix": 10,
          "x": "var $bm_rt;\n$bm_rt = loopOut('pingpong');"
        },
        "p": { "a": 0, "k": [14.683, 6.375, 0], "ix": 2 },
        "a": { "a": 0, "k": [14.683, 6.375, 0], "ix": 1 },
        "s": { "a": 0, "k": [100, 100, 100], "ix": 6 }
      },
      "ao": 0,
      "shapes": [
        {
          "ty": "gr",
          "it": [
            {
              "ind": 0,
              "ty": "sh",
              "ix": 1,
              "ks": {
                "a": 0,
                "k": {
                  "i": [[16.828, -4.606], [-4.053, -14.022]],
                  "o": [[-15.931, 4.36], [4.053, 14.022]],
                  "v": [[18.669, 5.992], [59.183, -3.13]],
                  "c": true
                },
                "ix": 2
              },
              "nm": "Path 1",
              "mn": "ADBE Vector Shape - Group",
              "hd": false
            },
            {
              "ty": "fl",
              "c": {
                "a": 0,
                "k": [0.184313729405, 0.705882370472, 0.329411774874, 1],
                "ix": 4
              },
              "o": { "a": 0, "k": 100, "ix": 5 },
              "r": 1,
              "bm": 0,
              "nm": "Fill 1",
              "mn": "ADBE Vector Graphic - Fill",
              "hd": false
            },
            {
              "ty": "tr",
              "p": { "a": 0, "k": [0, 0], "ix": 2 },
              "a": { "a": 0, "k": [0, 0], "ix": 1 },
              "s": { "a": 0, "k": [100, 100], "ix": 3 },
              "r": { "a": 0, "k": 0, "ix": 6 },
              "o": { "a": 0, "k": 100, "ix": 7 },
              "sk": { "a": 0, "k": 0, "ix": 4 },
              "sa": { "a": 0, "k": 0, "ix": 5 },
              "nm": "Transform"
            }
          ],
          "nm": "Group 1",
          "np": 2,
          "cix": 2,
          "bm": 0,
          "ix": 1,
          "mn": "ADBE Vector Group",
          "hd": false
        }
      ],
      "ip": -1.00000004073083,
      "op": 150.000006109625,
      "st": 0,
      "bm": 0
    },
    {
      "ddd": 0,
      "ind": 2,
      "ty": 4,
      "nm": "Lines",
      "sr": 1,
      "ks": {
        "o": { "a": 0, "k": 100, "ix": 11 },
        "r": { "a": 0, "k": 0, "ix": 10 },
        "p": { "a": 0, "k": [128, 107.5, 0], "ix": 2 },
        "a": { "a": 0, "k": [8, 3.5, 0], "ix": 1 },
        "s": { "a": 0, "k": [100, 100, 100], "ix": 6 }
      },
      "ao": 0,
      "shapes": [
        {
          "ty": "gr",
          "it": [
            {
              "ind": 0,
              "ty": "sh",
              "ix": 1,
              "ks": {
                "a": 0,
                "k": {
                  "i": [[0, 0], [0, 0]],
                  "o": [[0, 0], [0, 0]],
                  "v": [[-31.451, -26.37], [-63.974, -26.37]],
                  "c": false
                },
                "ix": 2
              },
              "nm": "Path 1",
              "mn": "ADBE Vector Shape - Group",
              "hd": false
            },
            {
              "ty": "tm",
              "s": {
                "a": 1,
                "k": [
                  {
                    "i": { "x": [0.439], "y": [1] },
                    "o": { "x": [0.689], "y": [0] },
                    "t": 10.909,
                    "s": [0]
                  },
                  { "t": 20.0000008146167, "s": [100] }
                ],
                "ix": 1
              },
              "e": {
                "a": 1,
                "k": [
                  {
                    "i": { "x": [0.477], "y": [1] },
                    "o": { "x": [0.63], "y": [0] },
                    "t": 0,
                    "s": [0]
                  },
                  {
                    "i": { "x": [0.439], "y": [1] },
                    "o": { "x": [0.689], "y": [0] },
                    "t": 10.909,
                    "s": [100]
                  },
                  { "t": 20.0000008146167, "s": [100] }
                ],
                "ix": 2
              },
              "o": { "a": 0, "k": 0, "ix": 3 },
              "m": 1,
              "ix": 2,
              "nm": "Trim Paths 1",
              "mn": "ADBE Vector Filter - Trim",
              "hd": false
            },
            {
              "ty": "st",
              "c": {
                "a": 0,
                "k": [0.180392161012, 0.180392161012, 0.180392161012, 1],
                "ix": 3
              },
              "o": { "a": 0, "k": 100, "ix": 4 },
              "w": { "a": 0, "k": 1, "ix": 5 },
              "lc": 2,
              "lj": 2,
              "bm": 0,
              "nm": "Stroke 1",
              "mn": "ADBE Vector Graphic - Stroke",
              "hd": false
            },
            {
              "ty": "tr",
              "p": { "a": 0, "k": [0, 0], "ix": 2 },
              "a": { "a": 0, "k": [0, 0], "ix": 1 },
              "s": { "a": 0, "k": [100, 100], "ix": 3 },
              "r": { "a": 0, "k": 0, "ix": 6 },
              "o": { "a": 0, "k": 100, "ix": 7 },
              "sk": { "a": 0, "k": 0, "ix": 4 },
              "sa": { "a": 0, "k": 0, "ix": 5 },
              "nm": "Transform"
            }
          ],
          "nm": "Group 1",
          "np": 3,
          "cix": 2,
          "bm": 0,
          "ix": 1,
          "mn": "ADBE Vector Group",
          "hd": false
        },
        {
          "ty": "gr",
          "it": [
            {
              "ind": 0,
              "ty": "sh",
              "ix": 1,
              "ks": {
                "a": 0,
                "k": {
                  "i": [[0, 0], [0, 0]],
                  "o": [[0, 0], [0, 0]],
                  "v": [[-42.453, -13.263], [-71.976, -13.263]],
                  "c": false
                },
                "ix": 2
              },
              "nm": "Path 1",
              "mn": "ADBE Vector Shape - Group",
              "hd": false
            },
            {
              "ty": "st",
              "c": {
                "a": 0,
                "k": [0.180392161012, 0.180392161012, 0.180392161012, 1],
                "ix": 3
              },
              "o": { "a": 0, "k": 100, "ix": 4 },
              "w": { "a": 0, "k": 1, "ix": 5 },
              "lc": 2,
              "lj": 2,
              "bm": 0,
              "nm": "Stroke 1",
              "mn": "ADBE Vector Graphic - Stroke",
              "hd": false
            },
            {
              "ty": "tm",
              "s": {
                "a": 1,
                "k": [
                  {
                    "i": { "x": [0.439], "y": [1] },
                    "o": { "x": [0.689], "y": [0] },
                    "t": 9.223,
                    "s": [0]
                  },
                  { "t": 16.0000006516934, "s": [100] }
                ],
                "ix": 1
              },
              "e": {
                "a": 1,
                "k": [
                  {
                    "i": { "x": [0.477], "y": [1] },
                    "o": { "x": [0.63], "y": [0] },
                    "t": 1.091,
                    "s": [0]
                  },
                  {
                    "i": { "x": [0.439], "y": [1] },
                    "o": { "x": [0.689], "y": [0] },
                    "t": 9.223,
                    "s": [100]
                  },
                  { "t": 16.0000006516934, "s": [100] }
                ],
                "ix": 2
              },
              "o": { "a": 0, "k": 0, "ix": 3 },
              "m": 1,
              "ix": 3,
              "nm": "Trim Paths 1",
              "mn": "ADBE Vector Filter - Trim",
              "hd": false
            },
            {
              "ty": "tr",
              "p": { "a": 0, "k": [0, 0], "ix": 2 },
              "a": { "a": 0, "k": [0, 0], "ix": 1 },
              "s": { "a": 0, "k": [100, 100], "ix": 3 },
              "r": { "a": 0, "k": 0, "ix": 6 },
              "o": { "a": 0, "k": 100, "ix": 7 },
              "sk": { "a": 0, "k": 0, "ix": 4 },
              "sa": { "a": 0, "k": 0, "ix": 5 },
              "nm": "Transform"
            }
          ],
          "nm": "Group 2",
          "np": 3,
          "cix": 2,
          "bm": 0,
          "ix": 2,
          "mn": "ADBE Vector Group",
          "hd": false
        },
        {
          "ty": "gr",
          "it": [
            {
              "ind": 0,
              "ty": "sh",
              "ix": 1,
              "ks": {
                "a": 0,
                "k": {
                  "i": [[0, 0], [0, 0]],
                  "o": [[0, 0], [0, 0]],
                  "v": [[-46.713, -0.155], [-79.235, -0.155]],
                  "c": false
                },
                "ix": 2
              },
              "nm": "Path 1",
              "mn": "ADBE Vector Shape - Group",
              "hd": false
            },
            {
              "ty": "st",
              "c": {
                "a": 0,
                "k": [0.180392161012, 0.180392161012, 0.180392161012, 1],
                "ix": 3
              },
              "o": { "a": 0, "k": 100, "ix": 4 },
              "w": { "a": 0, "k": 1, "ix": 5 },
              "lc": 2,
              "lj": 2,
              "bm": 0,
              "nm": "Stroke 1",
              "mn": "ADBE Vector Graphic - Stroke",
              "hd": false
            },
            {
              "ty": "tm",
              "s": {
                "a": 1,
                "k": [
                  {
                    "i": { "x": [0.439], "y": [1] },
                    "o": { "x": [0.689], "y": [0] },
                    "t": 16.131,
                    "s": [0]
                  },
                  { "t": 22.9087509330925, "s": [100] }
                ],
                "ix": 1
              },
              "e": {
                "a": 1,
                "k": [
                  {
                    "i": { "x": [0.477], "y": [1] },
                    "o": { "x": [0.63], "y": [0] },
                    "t": 8,
                    "s": [0]
                  },
                  {
                    "i": { "x": [0.439], "y": [1] },
                    "o": { "x": [0.689], "y": [0] },
                    "t": 16.131,
                    "s": [100]
                  },
                  { "t": 22.9087509330925, "s": [100] }
                ],
                "ix": 2
              },
              "o": { "a": 0, "k": 0, "ix": 3 },
              "m": 1,
              "ix": 3,
              "nm": "Trim Paths 1",
              "mn": "ADBE Vector Filter - Trim",
              "hd": false
            },
            {
              "ty": "tr",
              "p": { "a": 0, "k": [0, 0], "ix": 2 },
              "a": { "a": 0, "k": [0, 0], "ix": 1 },
              "s": { "a": 0, "k": [100, 100], "ix": 3 },
              "r": { "a": 0, "k": 0, "ix": 6 },
              "o": { "a": 0, "k": 100, "ix": 7 },
              "sk": { "a": 0, "k": 0, "ix": 4 },
              "sa": { "a": 0, "k": 0, "ix": 5 },
              "nm": "Transform"
            }
          ],
          "nm": "Group 3",
          "np": 3,
          "cix": 2,
          "bm": 0,
          "ix": 3,
          "mn": "ADBE Vector Group",
          "hd": false
        }
      ],
      "ip": -1.00000004073083,
      "op": 150.000006109625,
      "st": 0,
      "bm": 0
    },
    {
      "ddd": 0,
      "ind": 3,
      "ty": 4,
      "nm": "CARTMASK",
      "parent": 8,
      "td": 1,
      "sr": 1,
      "ks": {
        "o": { "a": 0, "k": 100, "ix": 11 },
        "r": { "a": 0, "k": 3, "ix": 10 },
        "p": { "a": 0, "k": [4.378, 1.817, 0], "ix": 2 },
        "a": { "a": 0, "k": [0, 0, 0], "ix": 1 },
        "s": { "a": 0, "k": [100, 100, 100], "ix": 6 }
      },
      "ao": 0,
      "shapes": [
        {
          "ty": "gr",
          "it": [
            {
              "ind": 0,
              "ty": "sh",
              "ix": 1,
              "ks": {
                "a": 0,
                "k": {
                  "i": [[0, 0], [0, 0], [0, 0], [0, 0]],
                  "o": [[0, 0], [0, 0], [0, 0], [0, 0]],
                  "v": [[41.5, 29], [-51.5, 33.5], [-43, 53.5], [35.5, 53.5]],
                  "c": true
                },
                "ix": 2
              },
              "nm": "Path 1",
              "mn": "ADBE Vector Shape - Group",
              "hd": false
            },
            {
              "ty": "st",
              "c": { "a": 0, "k": [1, 1, 1, 1], "ix": 3 },
              "o": { "a": 0, "k": 100, "ix": 4 },
              "w": { "a": 0, "k": 0, "ix": 5 },
              "lc": 1,
              "lj": 1,
              "ml": 4,
              "bm": 0,
              "nm": "Stroke 1",
              "mn": "ADBE Vector Graphic - Stroke",
              "hd": false
            },
            {
              "ty": "fl",
              "c": {
                "a": 0,
                "k": [0.941176470588, 0.341176470588, 0.23137254902, 1],
                "ix": 4
              },
              "o": { "a": 0, "k": 100, "ix": 5 },
              "r": 1,
              "bm": 0,
              "nm": "Fill 1",
              "mn": "ADBE Vector Graphic - Fill",
              "hd": false
            },
            {
              "ty": "tr",
              "p": { "a": 0, "k": [0, 0], "ix": 2 },
              "a": { "a": 0, "k": [0, 0], "ix": 1 },
              "s": { "a": 0, "k": [100, 100], "ix": 3 },
              "r": { "a": 0, "k": 0, "ix": 6 },
              "o": { "a": 0, "k": 100, "ix": 7 },
              "sk": { "a": 0, "k": 0, "ix": 4 },
              "sa": { "a": 0, "k": 0, "ix": 5 },
              "nm": "Transform"
            }
          ],
          "nm": "Shape 1",
          "np": 3,
          "cix": 2,
          "bm": 0,
          "ix": 1,
          "mn": "ADBE Vector Group",
          "hd": false
        }
      ],
      "ip": -1.00000004073083,
      "op": 150.000006109625,
      "st": 0,
      "bm": 0
    },
    {
      "ddd": 0,
      "ind": 4,
      "ty": 4,
      "nm": "HAnds",
      "parent": 8,
      "tt": 2,
      "sr": 1,
      "ks": {
        "o": { "a": 0, "k": 100, "ix": 11 },
        "r": {
          "a": 1,
          "k": [
            {
              "i": { "x": [0.464], "y": [1] },
              "o": { "x": [0.699], "y": [0] },
              "t": 0,
              "s": [-3]
            },
            { "t": 11.4000004643315, "s": [3] }
          ],
          "ix": 10,
          "x": "var $bm_rt;\n$bm_rt = loopOut('pingpong');"
        },
        "p": { "a": 0, "k": [0.494, 42.497, 0], "ix": 2 },
        "a": { "a": 0, "k": [0.494, 42.497, 0], "ix": 1 },
        "s": { "a": 0, "k": [100, 100, 100], "ix": 6 }
      },
      "ao": 0,
      "shapes": [
        {
          "ty": "gr",
          "it": [
            {
              "ty": "gr",
              "it": [
                {
                  "ind": 0,
                  "ty": "sh",
                  "ix": 1,
                  "ks": {
                    "a": 0,
                    "k": {
                      "i": [[0, 0], [-0.741, 0.91]],
                      "o": [[0.619, -1.002], [0, 0]],
                      "v": [[7.557, 23.243], [9.599, 20.373]],
                      "c": false
                    },
                    "ix": 2
                  },
                  "nm": "Path 1",
                  "mn": "ADBE Vector Shape - Group",
                  "hd": false
                },
                {
                  "ty": "st",
                  "c": {
                    "a": 0,
                    "k": [0.180392161012, 0.180392161012, 0.180392161012, 1],
                    "ix": 3
                  },
                  "o": { "a": 0, "k": 100, "ix": 4 },
                  "w": { "a": 0, "k": 1, "ix": 5 },
                  "lc": 2,
                  "lj": 2,
                  "bm": 0,
                  "nm": "Stroke 1",
                  "mn": "ADBE Vector Graphic - Stroke",
                  "hd": false
                },
                {
                  "ty": "tr",
                  "p": { "a": 0, "k": [0, 0], "ix": 2 },
                  "a": { "a": 0, "k": [0, 0], "ix": 1 },
                  "s": { "a": 0, "k": [100, 100], "ix": 3 },
                  "r": { "a": 0, "k": 0, "ix": 6 },
                  "o": { "a": 0, "k": 100, "ix": 7 },
                  "sk": { "a": 0, "k": 0, "ix": 4 },
                  "sa": { "a": 0, "k": 0, "ix": 5 },
                  "nm": "Transform"
                }
              ],
              "nm": "Group 1",
              "np": 2,
              "cix": 2,
              "bm": 0,
              "ix": 1,
              "mn": "ADBE Vector Group",
              "hd": false
            },
            {
              "ty": "gr",
              "it": [
                {
                  "ind": 0,
                  "ty": "sh",
                  "ix": 1,
                  "ks": {
                    "a": 0,
                    "k": {
                      "i": [
                        [0, 0],
                        [-2.598, 1.239],
                        [0, 0],
                        [-1.41, -2.957],
                        [0, 0],
                        [-0.071, -0.644]
                      ],
                      "o": [
                        [2.047, -1.949],
                        [0, 0],
                        [2.957, -1.41],
                        [0, 0],
                        [0.294, 0.617],
                        [0, 0]
                      ],
                      "v": [
                        [11.916, 17.868],
                        [18.919, 13.046],
                        [23.735, 10.75],
                        [31.642, 13.55],
                        [31.642, 13.55],
                        [32.186, 15.454]
                      ],
                      "c": false
                    },
                    "ix": 2
                  },
                  "nm": "Path 1",
                  "mn": "ADBE Vector Shape - Group",
                  "hd": false
                },
                {
                  "ty": "st",
                  "c": {
                    "a": 0,
                    "k": [0.180392161012, 0.180392161012, 0.180392161012, 1],
                    "ix": 3
                  },
                  "o": { "a": 0, "k": 100, "ix": 4 },
                  "w": { "a": 0, "k": 1, "ix": 5 },
                  "lc": 2,
                  "lj": 2,
                  "bm": 0,
                  "nm": "Stroke 1",
                  "mn": "ADBE Vector Graphic - Stroke",
                  "hd": false
                },
                {
                  "ty": "tr",
                  "p": { "a": 0, "k": [0, 0], "ix": 2 },
                  "a": { "a": 0, "k": [0, 0], "ix": 1 },
                  "s": { "a": 0, "k": [100, 100], "ix": 3 },
                  "r": { "a": 0, "k": 0, "ix": 6 },
                  "o": { "a": 0, "k": 100, "ix": 7 },
                  "sk": { "a": 0, "k": 0, "ix": 4 },
                  "sa": { "a": 0, "k": 0, "ix": 5 },
                  "nm": "Transform"
                }
              ],
              "nm": "Group 2",
              "np": 2,
              "cix": 2,
              "bm": 0,
              "ix": 2,
              "mn": "ADBE Vector Group",
              "hd": false
            },
            {
              "ty": "gr",
              "it": [
                {
                  "ind": 0,
                  "ty": "sh",
                  "ix": 1,
                  "ks": {
                    "a": 0,
                    "k": {
                      "i": [[0, 0], [2.339, -1.116], [0, 0]],
                      "o": [[0.269, 2.438], [0, 0], [0, 0]],
                      "v": [
                        [32.186, 15.454],
                        [28.842, 21.457],
                        [19.194, 26.058]
                      ],
                      "c": false
                    },
                    "ix": 2
                  },
                  "nm": "Path 1",
                  "mn": "ADBE Vector Shape - Group",
                  "hd": false
                },
                {
                  "ty": "st",
                  "c": {
                    "a": 0,
                    "k": [0.180392161012, 0.180392161012, 0.180392161012, 1],
                    "ix": 3
                  },
                  "o": { "a": 0, "k": 100, "ix": 4 },
                  "w": { "a": 0, "k": 1, "ix": 5 },
                  "lc": 2,
                  "lj": 2,
                  "bm": 0,
                  "nm": "Stroke 1",
                  "mn": "ADBE Vector Graphic - Stroke",
                  "hd": false
                },
                {
                  "ty": "tr",
                  "p": { "a": 0, "k": [0, 0], "ix": 2 },
                  "a": { "a": 0, "k": [0, 0], "ix": 1 },
                  "s": { "a": 0, "k": [100, 100], "ix": 3 },
                  "r": { "a": 0, "k": 0, "ix": 6 },
                  "o": { "a": 0, "k": 100, "ix": 7 },
                  "sk": { "a": 0, "k": 0, "ix": 4 },
                  "sa": { "a": 0, "k": 0, "ix": 5 },
                  "nm": "Transform"
                }
              ],
              "nm": "Group 3",
              "np": 2,
              "cix": 2,
              "bm": 0,
              "ix": 3,
              "mn": "ADBE Vector Group",
              "hd": false
            },
            {
              "ty": "tr",
              "p": { "a": 0, "k": [0, 0], "ix": 2 },
              "a": { "a": 0, "k": [0, 0], "ix": 1 },
              "s": { "a": 0, "k": [100, 100], "ix": 3 },
              "r": { "a": 0, "k": 0, "ix": 6 },
              "o": { "a": 0, "k": 100, "ix": 7 },
              "sk": { "a": 0, "k": 0, "ix": 4 },
              "sa": { "a": 0, "k": 0, "ix": 5 },
              "nm": "Transform"
            }
          ],
          "nm": "Group 1",
          "np": 3,
          "cix": 2,
          "bm": 0,
          "ix": 1,
          "mn": "ADBE Vector Group",
          "hd": false
        },
        {
          "ty": "gr",
          "it": [
            {
              "ind": 0,
              "ty": "sh",
              "ix": 1,
              "ks": {
                "a": 0,
                "k": {
                  "i": [[0, 0], [1.407, -2.746], [1.925, -6.461]],
                  "o": [[-0.987, 1.152], [-2.889, 5.64], [0, 0]],
                  "v": [[-16.17, 18.49], [-19.365, 22.579], [-27.506, 42.716]],
                  "c": false
                },
                "ix": 2
              },
              "nm": "Path 1",
              "mn": "ADBE Vector Shape - Group",
              "hd": false
            },
            {
              "ty": "st",
              "c": {
                "a": 0,
                "k": [0.180392161012, 0.180392161012, 0.180392161012, 1],
                "ix": 3
              },
              "o": { "a": 0, "k": 100, "ix": 4 },
              "w": { "a": 0, "k": 1, "ix": 5 },
              "lc": 2,
              "lj": 2,
              "bm": 0,
              "nm": "Stroke 1",
              "mn": "ADBE Vector Graphic - Stroke",
              "hd": false
            },
            {
              "ty": "tr",
              "p": { "a": 0, "k": [0, 0], "ix": 2 },
              "a": { "a": 0, "k": [0, 0], "ix": 1 },
              "s": { "a": 0, "k": [100, 100], "ix": 3 },
              "r": { "a": 0, "k": 0, "ix": 6 },
              "o": { "a": 0, "k": 100, "ix": 7 },
              "sk": { "a": 0, "k": 0, "ix": 4 },
              "sa": { "a": 0, "k": 0, "ix": 5 },
              "nm": "Transform"
            }
          ],
          "nm": "Group 2",
          "np": 2,
          "cix": 2,
          "bm": 0,
          "ix": 2,
          "mn": "ADBE Vector Group",
          "hd": false
        },
        {
          "ty": "gr",
          "it": [
            {
              "ind": 0,
              "ty": "sh",
              "ix": 1,
              "ks": {
                "a": 0,
                "k": {
                  "i": [[0, 0], [0.645, -7.715]],
                  "o": [[0, 0], [0, 0]],
                  "v": [[-1.59, 16.972], [-9.348, 27.01]],
                  "c": false
                },
                "ix": 2
              },
              "nm": "Path 1",
              "mn": "ADBE Vector Shape - Group",
              "hd": false
            },
            {
              "ty": "st",
              "c": {
                "a": 0,
                "k": [0.180392161012, 0.180392161012, 0.180392161012, 1],
                "ix": 3
              },
              "o": { "a": 0, "k": 100, "ix": 4 },
              "w": { "a": 0, "k": 1, "ix": 5 },
              "lc": 2,
              "lj": 2,
              "bm": 0,
              "nm": "Stroke 1",
              "mn": "ADBE Vector Graphic - Stroke",
              "hd": false
            },
            {
              "ty": "tr",
              "p": { "a": 0, "k": [0, 0], "ix": 2 },
              "a": { "a": 0, "k": [0, 0], "ix": 1 },
              "s": { "a": 0, "k": [100, 100], "ix": 3 },
              "r": { "a": 0, "k": 0, "ix": 6 },
              "o": { "a": 0, "k": 100, "ix": 7 },
              "sk": { "a": 0, "k": 0, "ix": 4 },
              "sa": { "a": 0, "k": 0, "ix": 5 },
              "nm": "Transform"
            }
          ],
          "nm": "Group 3",
          "np": 2,
          "cix": 2,
          "bm": 0,
          "ix": 3,
          "mn": "ADBE Vector Group",
          "hd": false
        },
        {
          "ty": "gr",
          "it": [
            {
              "ind": 0,
              "ty": "sh",
              "ix": 1,
              "ks": {
                "a": 0,
                "k": {
                  "i": [[0, 0], [-4.327, 7.127]],
                  "o": [[-0.496, -1.048], [0, 0]],
                  "v": [[16.568, 42.716], [22.348, 24.554]],
                  "c": false
                },
                "ix": 2
              },
              "nm": "Path 1",
              "mn": "ADBE Vector Shape - Group",
              "hd": false
            },
            {
              "ty": "st",
              "c": {
                "a": 0,
                "k": [0.180392161012, 0.180392161012, 0.180392161012, 1],
                "ix": 3
              },
              "o": { "a": 0, "k": 100, "ix": 4 },
              "w": { "a": 0, "k": 1, "ix": 5 },
              "lc": 2,
              "lj": 2,
              "bm": 0,
              "nm": "Stroke 1",
              "mn": "ADBE Vector Graphic - Stroke",
              "hd": false
            },
            {
              "ty": "tr",
              "p": { "a": 0, "k": [0, 0], "ix": 2 },
              "a": { "a": 0, "k": [0, 0], "ix": 1 },
              "s": { "a": 0, "k": [100, 100], "ix": 3 },
              "r": { "a": 0, "k": 0, "ix": 6 },
              "o": { "a": 0, "k": 100, "ix": 7 },
              "sk": { "a": 0, "k": 0, "ix": 4 },
              "sa": { "a": 0, "k": 0, "ix": 5 },
              "nm": "Transform"
            }
          ],
          "nm": "Group 4",
          "np": 2,
          "cix": 2,
          "bm": 0,
          "ix": 4,
          "mn": "ADBE Vector Group",
          "hd": false
        }
      ],
      "ip": -2.00000008146167,
      "op": 149.000006068894,
      "st": -1.00000004073083,
      "bm": 0
    },
    {
      "ddd": 0,
      "ind": 5,
      "ty": 4,
      "nm": "Plate",
      "parent": 4,
      "sr": 1,
      "ks": {
        "o": { "a": 0, "k": 100, "ix": 11 },
        "r": {
          "a": 1,
          "k": [
            {
              "i": { "x": [0.464], "y": [1] },
              "o": { "x": [0.699], "y": [0] },
              "t": 3.8,
              "s": [-3]
            },
            { "t": 15.2000006191087, "s": [3] }
          ],
          "ix": 10,
          "x": "var $bm_rt;\n$bm_rt = loopOut('pingpong');"
        },
        "p": { "a": 0, "k": [23.234, 12.381, 0], "ix": 2 },
        "a": { "a": 0, "k": [23.234, 12.381, 0], "ix": 1 },
        "s": { "a": 0, "k": [100, 100, 100], "ix": 6 }
      },
      "ao": 0,
      "shapes": [
        {
          "ty": "gr",
          "it": [
            {
              "ty": "gr",
              "it": [
                {
                  "ty": "gr",
                  "it": [
                    {
                      "ind": 0,
                      "ty": "sh",
                      "ix": 1,
                      "ks": {
                        "a": 0,
                        "k": {
                          "i": [
                            [0, 0],
                            [-6.565, 0.455],
                            [0, 0],
                            [-0.455, -6.565],
                            [0, 0],
                            [6.072, -2.045],
                            [-10.372, 4.624]
                          ],
                          "o": [
                            [-0.455, -6.565],
                            [0, 0],
                            [6.565, -0.455],
                            [0, 0],
                            [0, 0],
                            [-5.017, 1.69],
                            [0, 0]
                          ],
                          "v": [
                            [-11.601, -30.225],
                            [-0.538, -42.934],
                            [7.245, -43.473],
                            [19.954, -32.409],
                            [19.954, -32.409],
                            [20.777, -20.526],
                            [26.083, -37.298]
                          ],
                          "c": false
                        },
                        "ix": 2
                      },
                      "nm": "Path 1",
                      "mn": "ADBE Vector Shape - Group",
                      "hd": false
                    },
                    {
                      "ty": "st",
                      "c": {
                        "a": 0,
                        "k": [
                          0.180392161012,
                          0.180392161012,
                          0.180392161012,
                          1
                        ],
                        "ix": 3
                      },
                      "o": { "a": 0, "k": 100, "ix": 4 },
                      "w": { "a": 0, "k": 1, "ix": 5 },
                      "lc": 2,
                      "lj": 2,
                      "bm": 0,
                      "nm": "Stroke 1",
                      "mn": "ADBE Vector Graphic - Stroke",
                      "hd": false
                    },
                    {
                      "ty": "tr",
                      "p": { "a": 0, "k": [0, 0], "ix": 2 },
                      "a": { "a": 0, "k": [0, 0], "ix": 1 },
                      "s": { "a": 0, "k": [100, 100], "ix": 3 },
                      "r": { "a": 0, "k": 0, "ix": 6 },
                      "o": { "a": 0, "k": 100, "ix": 7 },
                      "sk": { "a": 0, "k": 0, "ix": 4 },
                      "sa": { "a": 0, "k": 0, "ix": 5 },
                      "nm": "Transform"
                    }
                  ],
                  "nm": "Group 1",
                  "np": 2,
                  "cix": 2,
                  "bm": 0,
                  "ix": 1,
                  "mn": "ADBE Vector Group",
                  "hd": false
                },
                {
                  "ty": "tr",
                  "p": { "a": 0, "k": [0, 0], "ix": 2 },
                  "a": { "a": 0, "k": [0, 0], "ix": 1 },
                  "s": { "a": 0, "k": [100, 100], "ix": 3 },
                  "r": { "a": 0, "k": 0, "ix": 6 },
                  "o": { "a": 0, "k": 100, "ix": 7 },
                  "sk": { "a": 0, "k": 0, "ix": 4 },
                  "sa": { "a": 0, "k": 0, "ix": 5 },
                  "nm": "Transform"
                }
              ],
              "nm": "Group 1",
              "np": 1,
              "cix": 2,
              "bm": 0,
              "ix": 1,
              "mn": "ADBE Vector Group",
              "hd": false
            },
            {
              "ty": "gr",
              "it": [
                {
                  "ty": "gr",
                  "it": [
                    {
                      "ind": 0,
                      "ty": "sh",
                      "ix": 1,
                      "ks": {
                        "a": 0,
                        "k": {
                          "i": [
                            [0, 0],
                            [-1.131, -0.025],
                            [-16.711, 1.157],
                            [-5.407, 0.812],
                            [0.265, 1.347],
                            [0, 0],
                            [20.91, -1.448],
                            [-1.448, -20.91]
                          ],
                          "o": [
                            [0.219, 1.11],
                            [5.054, 0.111],
                            [16.156, -1.119],
                            [1.358, -0.204],
                            [0, 0],
                            [-1.448, -20.91],
                            [-20.91, 1.448],
                            [0, 0]
                          ],
                          "v": [
                            [-31.71, 6.325],
                            [-29.403, 8.264],
                            [6.568, 6.567],
                            [41.901, 3.372],
                            [43.905, 0.531],
                            [43.905, 0.531],
                            [3.422, -34.709],
                            [-31.818, 5.774]
                          ],
                          "c": true
                        },
                        "ix": 2
                      },
                      "nm": "Path 1",
                      "mn": "ADBE Vector Shape - Group",
                      "hd": false
                    },
                    {
                      "ty": "st",
                      "c": {
                        "a": 0,
                        "k": [
                          0.180392161012,
                          0.180392161012,
                          0.180392161012,
                          1
                        ],
                        "ix": 3
                      },
                      "o": { "a": 0, "k": 100, "ix": 4 },
                      "w": { "a": 0, "k": 1, "ix": 5 },
                      "lc": 2,
                      "lj": 2,
                      "bm": 0,
                      "nm": "Stroke 1",
                      "mn": "ADBE Vector Graphic - Stroke",
                      "hd": false
                    },
                    {
                      "ty": "tr",
                      "p": { "a": 0, "k": [0, 0], "ix": 2 },
                      "a": { "a": 0, "k": [0, 0], "ix": 1 },
                      "s": { "a": 0, "k": [100, 100], "ix": 3 },
                      "r": { "a": 0, "k": 0, "ix": 6 },
                      "o": { "a": 0, "k": 100, "ix": 7 },
                      "sk": { "a": 0, "k": 0, "ix": 4 },
                      "sa": { "a": 0, "k": 0, "ix": 5 },
                      "nm": "Transform"
                    }
                  ],
                  "nm": "Group 1",
                  "np": 2,
                  "cix": 2,
                  "bm": 0,
                  "ix": 1,
                  "mn": "ADBE Vector Group",
                  "hd": false
                },
                {
                  "ty": "gr",
                  "it": [
                    {
                      "ind": 0,
                      "ty": "sh",
                      "ix": 1,
                      "ks": {
                        "a": 0,
                        "k": {
                          "i": [[0, 0], [23.556, -2.439]],
                          "o": [[0.158, 2.277], [0, 0]],
                          "v": [[70.195, 3.069], [29.237, 10.959]],
                          "c": false
                        },
                        "ix": 2
                      },
                      "nm": "Path 1",
                      "mn": "ADBE Vector Shape - Group",
                      "hd": false
                    },
                    {
                      "ty": "st",
                      "c": {
                        "a": 0,
                        "k": [
                          0.180392161012,
                          0.180392161012,
                          0.180392161012,
                          1
                        ],
                        "ix": 3
                      },
                      "o": { "a": 0, "k": 100, "ix": 4 },
                      "w": { "a": 0, "k": 1, "ix": 5 },
                      "lc": 2,
                      "lj": 2,
                      "bm": 0,
                      "nm": "Stroke 1",
                      "mn": "ADBE Vector Graphic - Stroke",
                      "hd": false
                    },
                    {
                      "ty": "tr",
                      "p": { "a": 0, "k": [0, 0], "ix": 2 },
                      "a": { "a": 0, "k": [0, 0], "ix": 1 },
                      "s": { "a": 0, "k": [100, 100], "ix": 3 },
                      "r": { "a": 0, "k": 0, "ix": 6 },
                      "o": { "a": 0, "k": 100, "ix": 7 },
                      "sk": { "a": 0, "k": 0, "ix": 4 },
                      "sa": { "a": 0, "k": 0, "ix": 5 },
                      "nm": "Transform"
                    }
                  ],
                  "nm": "Group 2",
                  "np": 2,
                  "cix": 2,
                  "bm": 0,
                  "ix": 2,
                  "mn": "ADBE Vector Group",
                  "hd": false
                },
                {
                  "ty": "gr",
                  "it": [
                    {
                      "ind": 0,
                      "ty": "sh",
                      "ix": 1,
                      "ks": {
                        "a": 0,
                        "k": {
                          "i": [[0, 0], [4.926, -0.341], [0.207, 2.995]],
                          "o": [[-4.883, 0.427], [-35.484, 2.457], [0, 0]],
                          "v": [
                            [21.653, 11.743],
                            [6.32, 12.94],
                            [-58.305, 11.965]
                          ],
                          "c": false
                        },
                        "ix": 2
                      },
                      "nm": "Path 1",
                      "mn": "ADBE Vector Shape - Group",
                      "hd": false
                    },
                    {
                      "ty": "st",
                      "c": {
                        "a": 0,
                        "k": [
                          0.180392161012,
                          0.180392161012,
                          0.180392161012,
                          1
                        ],
                        "ix": 3
                      },
                      "o": { "a": 0, "k": 100, "ix": 4 },
                      "w": { "a": 0, "k": 1, "ix": 5 },
                      "lc": 2,
                      "lj": 2,
                      "bm": 0,
                      "nm": "Stroke 1",
                      "mn": "ADBE Vector Graphic - Stroke",
                      "hd": false
                    },
                    {
                      "ty": "tr",
                      "p": { "a": 0, "k": [0, 0], "ix": 2 },
                      "a": { "a": 0, "k": [0, 0], "ix": 1 },
                      "s": { "a": 0, "k": [100, 100], "ix": 3 },
                      "r": { "a": 0, "k": 0, "ix": 6 },
                      "o": { "a": 0, "k": 100, "ix": 7 },
                      "sk": { "a": 0, "k": 0, "ix": 4 },
                      "sa": { "a": 0, "k": 0, "ix": 5 },
                      "nm": "Transform"
                    }
                  ],
                  "nm": "Group 3",
                  "np": 2,
                  "cix": 2,
                  "bm": 0,
                  "ix": 3,
                  "mn": "ADBE Vector Group",
                  "hd": false
                },
                {
                  "ty": "gr",
                  "it": [
                    {
                      "ind": 0,
                      "ty": "sh",
                      "ix": 1,
                      "ks": {
                        "a": 0,
                        "k": {
                          "i": [[0, 0], [-0.166, -2.391], [22.801, -2.696]],
                          "o": [[15.862, 0.232], [0.207, 2.994], [0, 0]],
                          "v": [
                            [43.845, -0.336],
                            [70.239, 3.7],
                            [31.801, 13.07]
                          ],
                          "c": false
                        },
                        "ix": 2
                      },
                      "nm": "Path 1",
                      "mn": "ADBE Vector Shape - Group",
                      "hd": false
                    },
                    {
                      "ty": "st",
                      "c": {
                        "a": 0,
                        "k": [
                          0.180392161012,
                          0.180392161012,
                          0.180392161012,
                          1
                        ],
                        "ix": 3
                      },
                      "o": { "a": 0, "k": 100, "ix": 4 },
                      "w": { "a": 0, "k": 1, "ix": 5 },
                      "lc": 2,
                      "lj": 2,
                      "bm": 0,
                      "nm": "Stroke 1",
                      "mn": "ADBE Vector Graphic - Stroke",
                      "hd": false
                    },
                    {
                      "ty": "tr",
                      "p": { "a": 0, "k": [0, 0], "ix": 2 },
                      "a": { "a": 0, "k": [0, 0], "ix": 1 },
                      "s": { "a": 0, "k": [100, 100], "ix": 3 },
                      "r": { "a": 0, "k": 0, "ix": 6 },
                      "o": { "a": 0, "k": 100, "ix": 7 },
                      "sk": { "a": 0, "k": 0, "ix": 4 },
                      "sa": { "a": 0, "k": 0, "ix": 5 },
                      "nm": "Transform"
                    }
                  ],
                  "nm": "Group 4",
                  "np": 2,
                  "cix": 2,
                  "bm": 0,
                  "ix": 4,
                  "mn": "ADBE Vector Group",
                  "hd": false
                },
                {
                  "ty": "gr",
                  "it": [
                    {
                      "ind": 0,
                      "ty": "sh",
                      "ix": 1,
                      "ks": {
                        "a": 0,
                        "k": {
                          "i": [
                            [0, 0],
                            [3.229, -0.224],
                            [0.278, 4.011],
                            [-15.682, 2.416]
                          ],
                          "o": [
                            [-3.098, 0.267],
                            [-35.484, 2.457],
                            [-0.166, -2.391],
                            [0, 0]
                          ],
                          "v": [
                            [15.99, 14.675],
                            [6.492, 15.412],
                            [-58.261, 12.597],
                            [-32.67, 4.961]
                          ],
                          "c": false
                        },
                        "ix": 2
                      },
                      "nm": "Path 1",
                      "mn": "ADBE Vector Shape - Group",
                      "hd": false
                    },
                    {
                      "ty": "st",
                      "c": {
                        "a": 0,
                        "k": [
                          0.180392161012,
                          0.180392161012,
                          0.180392161012,
                          1
                        ],
                        "ix": 3
                      },
                      "o": { "a": 0, "k": 100, "ix": 4 },
                      "w": { "a": 0, "k": 1, "ix": 5 },
                      "lc": 2,
                      "lj": 2,
                      "bm": 0,
                      "nm": "Stroke 1",
                      "mn": "ADBE Vector Graphic - Stroke",
                      "hd": false
                    },
                    {
                      "ty": "tr",
                      "p": { "a": 0, "k": [0, 0], "ix": 2 },
                      "a": { "a": 0, "k": [0, 0], "ix": 1 },
                      "s": { "a": 0, "k": [100, 100], "ix": 3 },
                      "r": { "a": 0, "k": 0, "ix": 6 },
                      "o": { "a": 0, "k": 100, "ix": 7 },
                      "sk": { "a": 0, "k": 0, "ix": 4 },
                      "sa": { "a": 0, "k": 0, "ix": 5 },
                      "nm": "Transform"
                    }
                  ],
                  "nm": "Group 5",
                  "np": 2,
                  "cix": 2,
                  "bm": 0,
                  "ix": 5,
                  "mn": "ADBE Vector Group",
                  "hd": false
                },
                {
                  "ty": "tr",
                  "p": { "a": 0, "k": [0, 0], "ix": 2 },
                  "a": { "a": 0, "k": [0, 0], "ix": 1 },
                  "s": { "a": 0, "k": [100, 100], "ix": 3 },
                  "r": { "a": 0, "k": 0, "ix": 6 },
                  "o": { "a": 0, "k": 100, "ix": 7 },
                  "sk": { "a": 0, "k": 0, "ix": 4 },
                  "sa": { "a": 0, "k": 0, "ix": 5 },
                  "nm": "Transform"
                }
              ],
              "nm": "Group 2",
              "np": 5,
              "cix": 2,
              "bm": 0,
              "ix": 2,
              "mn": "ADBE Vector Group",
              "hd": false
            },
            {
              "ty": "tr",
              "p": { "a": 0, "k": [0, 0], "ix": 2 },
              "a": { "a": 0, "k": [0, 0], "ix": 1 },
              "s": { "a": 0, "k": [100, 100], "ix": 3 },
              "r": { "a": 0, "k": 0, "ix": 6 },
              "o": { "a": 0, "k": 100, "ix": 7 },
              "sk": { "a": 0, "k": 0, "ix": 4 },
              "sa": { "a": 0, "k": 0, "ix": 5 },
              "nm": "Transform"
            }
          ],
          "nm": "Group 1",
          "np": 2,
          "cix": 2,
          "bm": 0,
          "ix": 1,
          "mn": "ADBE Vector Group",
          "hd": false
        },
        {
          "ty": "gr",
          "it": [
            {
              "ind": 0,
              "ty": "sh",
              "ix": 1,
              "ks": {
                "a": 0,
                "k": {
                  "i": [
                    [0, 0],
                    [-4.45, -0.37],
                    [0, 0],
                    [0, 0],
                    [-0.346, 2.628],
                    [-1.961, -4.289],
                    [0, 0],
                    [2.135, 1.08],
                    [2.823, -0.931],
                    [0, 0],
                    [0, 0],
                    [1.044, 3.38]
                  ],
                  "o": [
                    [0, 0],
                    [4.45, 0.37],
                    [0, 0],
                    [0, 0],
                    [0, 0],
                    [1.961, 4.289],
                    [0, 0],
                    [-2.135, -1.08],
                    [-2.823, 0.931],
                    [0, 0],
                    [0, 0],
                    [-1.044, -3.38]
                  ],
                  "v": [
                    [-31.889, 4.285],
                    [-28.691, 8.684],
                    [19.973, 5.564],
                    [41.901, 3.372],
                    [43.951, -0.334],
                    [70.523, 3.579],
                    [31.642, 13.55],
                    [28.183, 10.171],
                    [16.792, 14.391],
                    [3.479, 15.612],
                    [-41.746, 16.772],
                    [-57.169, 12.88]
                  ],
                  "c": true
                },
                "ix": 2
              },
              "nm": "Path 1",
              "mn": "ADBE Vector Shape - Group",
              "hd": false
            },
            {
              "ty": "fl",
              "c": { "a": 0, "k": [1, 1, 1, 1], "ix": 4 },
              "o": { "a": 0, "k": 100, "ix": 5 },
              "r": 1,
              "bm": 0,
              "nm": "Fill 1",
              "mn": "ADBE Vector Graphic - Fill",
              "hd": false
            },
            {
              "ty": "tr",
              "p": { "a": 0, "k": [0, 0], "ix": 2 },
              "a": { "a": 0, "k": [0, 0], "ix": 1 },
              "s": { "a": 0, "k": [100, 100], "ix": 3 },
              "r": { "a": 0, "k": 0, "ix": 6 },
              "o": { "a": 0, "k": 100, "ix": 7 },
              "sk": { "a": 0, "k": 0, "ix": 4 },
              "sa": { "a": 0, "k": 0, "ix": 5 },
              "nm": "Transform"
            }
          ],
          "nm": "Group 2",
          "np": 2,
          "cix": 2,
          "bm": 0,
          "ix": 2,
          "mn": "ADBE Vector Group",
          "hd": false
        },
        {
          "ty": "gr",
          "it": [
            {
              "ind": 0,
              "ty": "sh",
              "ix": 1,
              "ks": {
                "a": 0,
                "k": {
                  "i": [
                    [3.419, 0.375],
                    [15.602, -0.151],
                    [1.1, 3.933],
                    [0, 0],
                    [0, 0],
                    [0.174, 1.621],
                    [-4.292, 9.823],
                    [-12.821, 0.049],
                    [-8.609, -11.389],
                    [0, 0],
                    [-2.82, 0.145],
                    [-5.276, -2.051],
                    [0, 0],
                    [11.409, -1.514],
                    [2.197, 2.21],
                    [0, 0]
                  ],
                  "o": [
                    [0, 0],
                    [0, 0],
                    [-1.1, -3.933],
                    [0, 0],
                    [0, 0],
                    [-0.174, -1.621],
                    [4.292, -9.823],
                    [12.821, -0.049],
                    [8.609, 11.389],
                    [0, 0],
                    [2.82, -0.145],
                    [5.276, 2.051],
                    [0, 0],
                    [-11.409, 1.514],
                    [-3.138, -3.156],
                    [0, 0]
                  ],
                  "v": [
                    [13.81, 14.849],
                    [-32.725, 16.772],
                    [-57.169, 12.88],
                    [-39.287, 6.066],
                    [-33.121, 5.031],
                    [-31.708, 3.273],
                    [-27.629, -14.992],
                    [4.272, -34.768],
                    [36.648, -19.299],
                    [43.432, -1.372],
                    [45.974, -0.297],
                    [68.516, 2.189],
                    [67.486, 6.442],
                    [43.162, 11.561],
                    [30, 11.854],
                    [24.22, 10.546]
                  ],
                  "c": true
                },
                "ix": 2
              },
              "nm": "Path 1",
              "mn": "ADBE Vector Shape - Group",
              "hd": false
            },
            {
              "ty": "fl",
              "c": {
                "a": 0,
                "k": [0.996078431606, 0.847058832645, 0.20000000298, 1],
                "ix": 4
              },
              "o": { "a": 0, "k": 100, "ix": 5 },
              "r": 1,
              "bm": 0,
              "nm": "Fill 1",
              "mn": "ADBE Vector Graphic - Fill",
              "hd": false
            },
            {
              "ty": "tr",
              "p": { "a": 0, "k": [0, 0], "ix": 2 },
              "a": { "a": 0, "k": [0, 0], "ix": 1 },
              "s": { "a": 0, "k": [100, 100], "ix": 3 },
              "r": { "a": 0, "k": 0, "ix": 6 },
              "o": { "a": 0, "k": 100, "ix": 7 },
              "sk": { "a": 0, "k": 0, "ix": 4 },
              "sa": { "a": 0, "k": 0, "ix": 5 },
              "nm": "Transform"
            }
          ],
          "nm": "Group 3",
          "np": 2,
          "cix": 2,
          "bm": 0,
          "ix": 3,
          "mn": "ADBE Vector Group",
          "hd": false
        }
      ],
      "ip": -1.00000004073083,
      "op": 150.000006109625,
      "st": 0,
      "bm": 0
    },
    {
      "ddd": 0,
      "ind": 6,
      "ty": 4,
      "nm": "Shape Layer 1",
      "parent": 4,
      "sr": 1,
      "ks": {
        "o": { "a": 0, "k": 100, "ix": 11 },
        "r": { "a": 0, "k": -2.219, "ix": 10 },
        "p": { "a": 0, "k": [-2.271, -4.942, 0], "ix": 2 },
        "a": { "a": 0, "k": [0, 0, 0], "ix": 1 },
        "s": { "a": 0, "k": [100, 100, 100], "ix": 6 }
      },
      "ao": 0,
      "shapes": [
        {
          "ty": "gr",
          "it": [
            {
              "ind": 0,
              "ty": "sh",
              "ix": 1,
              "ks": {
                "a": 0,
                "k": {
                  "i": [[0, 0], [-4, 1.25]],
                  "o": [[0, 0], [4, -1.25]],
                  "v": [[-16.75, 24.75], [-8.5, 17]],
                  "c": false
                },
                "ix": 2
              },
              "nm": "Path 1",
              "mn": "ADBE Vector Shape - Group",
              "hd": false
            },
            {
              "ty": "st",
              "c": {
                "a": 0,
                "k": [0.215686289469, 0.215686289469, 0.215686289469, 1],
                "ix": 3
              },
              "o": { "a": 0, "k": 100, "ix": 4 },
              "w": { "a": 0, "k": 1, "ix": 5 },
              "lc": 1,
              "lj": 1,
              "ml": 4,
              "bm": 0,
              "nm": "Stroke 1",
              "mn": "ADBE Vector Graphic - Stroke",
              "hd": false
            },
            {
              "ty": "tr",
              "p": { "a": 0, "k": [0, 0], "ix": 2 },
              "a": { "a": 0, "k": [0, 0], "ix": 1 },
              "s": { "a": 0, "k": [100, 100], "ix": 3 },
              "r": { "a": 0, "k": 0, "ix": 6 },
              "o": { "a": 0, "k": 100, "ix": 7 },
              "sk": { "a": 0, "k": 0, "ix": 4 },
              "sa": { "a": 0, "k": 0, "ix": 5 },
              "nm": "Transform"
            }
          ],
          "nm": "Shape 1",
          "np": 3,
          "cix": 2,
          "bm": 0,
          "ix": 1,
          "mn": "ADBE Vector Group",
          "hd": false
        }
      ],
      "ip": -1.00000004073083,
      "op": 150.000006109625,
      "st": 0,
      "bm": 0
    },
    {
      "ddd": 0,
      "ind": 7,
      "ty": 3,
      "nm": "REarWheel",
      "sr": 1,
      "ks": {
        "o": { "a": 0, "k": 0, "ix": 11 },
        "r": {
          "a": 1,
          "k": [
            {
              "i": { "x": [0.464], "y": [1] },
              "o": { "x": [0.699], "y": [0] },
              "t": 1.268,
              "s": [-3]
            },
            { "t": 12.6675005159579, "s": [1] }
          ],
          "ix": 10,
          "x": "var $bm_rt;\n$bm_rt = loopOut('pingpong');"
        },
        "p": { "a": 0, "k": [87.5, 199.5, 0], "ix": 2 },
        "a": { "a": 0, "k": [-32.5, 84.5, 0], "ix": 1 },
        "s": { "a": 0, "k": [100, 100, 100], "ix": 6 }
      },
      "ao": 0,
      "ip": 0,
      "op": 151.000006150356,
      "st": 1.00000004073083,
      "bm": 0
    },
    {
      "ddd": 0,
      "ind": 8,
      "ty": 4,
      "nm": "Cart",
      "parent": 7,
      "sr": 1,
      "ks": {
        "o": { "a": 0, "k": 100, "ix": 11 },
        "r": { "a": 0, "k": 0, "ix": 10 },
        "p": {
          "a": 1,
          "k": [
            {
              "i": { "x": 0.667, "y": 1 },
              "o": { "x": 0.333, "y": 0 },
              "t": 0.974,
              "s": [-30.5, 84, 0],
              "to": [0, 0.833, 0],
              "ti": [0, -0.833, 0]
            },
            { "t": 12.6675005159579, "s": [-30.5, 89, 0] }
          ],
          "ix": 2,
          "x": "var $bm_rt;\n$bm_rt = loopOut('pingpong');"
        },
        "a": { "a": 0, "k": [-30.5, 84, 0], "ix": 1 },
        "s": { "a": 0, "k": [100, 100, 100], "ix": 6 }
      },
      "ao": 0,
      "shapes": [
        {
          "ty": "gr",
          "it": [
            {
              "ind": 0,
              "ty": "sh",
              "ix": 1,
              "ks": {
                "a": 0,
                "k": {
                  "i": [
                    [0, 0],
                    [1.482, -7.424],
                    [7.958, 14.099],
                    [0.864, 0.638]
                  ],
                  "o": [[0, 0], [-1.482, 7.424], [-0.715, -1.267], [0, 0]],
                  "v": [
                    [37.623, 52.481],
                    [-38.568, 52.481],
                    [-32.332, 42.449],
                    [-34.711, 39.615]
                  ],
                  "c": false
                },
                "ix": 2
              },
              "nm": "Path 1",
              "mn": "ADBE Vector Shape - Group",
              "hd": false
            },
            {
              "ty": "st",
              "c": {
                "a": 0,
                "k": [0.180392161012, 0.180392161012, 0.180392161012, 1],
                "ix": 3
              },
              "o": { "a": 0, "k": 100, "ix": 4 },
              "w": { "a": 0, "k": 1, "ix": 5 },
              "lc": 2,
              "lj": 2,
              "bm": 0,
              "nm": "Stroke 1",
              "mn": "ADBE Vector Graphic - Stroke",
              "hd": false
            },
            {
              "ty": "tr",
              "p": { "a": 0, "k": [0, 0], "ix": 2 },
              "a": { "a": 0, "k": [0, 0], "ix": 1 },
              "s": { "a": 0, "k": [100, 100], "ix": 3 },
              "r": { "a": 0, "k": 0, "ix": 6 },
              "o": { "a": 0, "k": 100, "ix": 7 },
              "sk": { "a": 0, "k": 0, "ix": 4 },
              "sa": { "a": 0, "k": 0, "ix": 5 },
              "nm": "Transform"
            }
          ],
          "nm": "Group 1",
          "np": 2,
          "cix": 2,
          "bm": 0,
          "ix": 1,
          "mn": "ADBE Vector Group",
          "hd": false
        },
        {
          "ty": "gr",
          "it": [
            {
              "ind": 0,
              "ty": "sh",
              "ix": 1,
              "ks": {
                "a": 0,
                "k": {
                  "i": [[0, 0], [0, 0], [0, 0], [0, 0]],
                  "o": [[0, 0], [0, 0], [0, 0], [0, 0]],
                  "v": [
                    [-29.497, 71.19],
                    [32.905, 71.19],
                    [45.219, 33.772],
                    [-38.568, 33.772]
                  ],
                  "c": false
                },
                "ix": 2
              },
              "nm": "Path 1",
              "mn": "ADBE Vector Shape - Group",
              "hd": false
            },
            {
              "ty": "st",
              "c": {
                "a": 0,
                "k": [0.180392161012, 0.180392161012, 0.180392161012, 1],
                "ix": 3
              },
              "o": { "a": 0, "k": 100, "ix": 4 },
              "w": { "a": 0, "k": 1, "ix": 5 },
              "lc": 2,
              "lj": 2,
              "bm": 0,
              "nm": "Stroke 1",
              "mn": "ADBE Vector Graphic - Stroke",
              "hd": false
            },
            {
              "ty": "tr",
              "p": { "a": 0, "k": [0, 0], "ix": 2 },
              "a": { "a": 0, "k": [0, 0], "ix": 1 },
              "s": { "a": 0, "k": [100, 100], "ix": 3 },
              "r": { "a": 0, "k": 0, "ix": 6 },
              "o": { "a": 0, "k": 100, "ix": 7 },
              "sk": { "a": 0, "k": 0, "ix": 4 },
              "sa": { "a": 0, "k": 0, "ix": 5 },
              "nm": "Transform"
            }
          ],
          "nm": "Group 2",
          "np": 2,
          "cix": 2,
          "bm": 0,
          "ix": 2,
          "mn": "ADBE Vector Group",
          "hd": false
        },
        {
          "ty": "gr",
          "it": [
            {
              "ind": 0,
              "ty": "sh",
              "ix": 1,
              "ks": {
                "a": 0,
                "k": {
                  "i": [[0, 0], [0, 0]],
                  "o": [[0, 0], [0, 0]],
                  "v": [[-38.568, 33.772], [-48.707, 33.772]],
                  "c": false
                },
                "ix": 2
              },
              "nm": "Path 1",
              "mn": "ADBE Vector Shape - Group",
              "hd": false
            },
            {
              "ty": "st",
              "c": {
                "a": 0,
                "k": [0.180392161012, 0.180392161012, 0.180392161012, 1],
                "ix": 3
              },
              "o": { "a": 0, "k": 100, "ix": 4 },
              "w": { "a": 0, "k": 1, "ix": 5 },
              "lc": 2,
              "lj": 2,
              "bm": 0,
              "nm": "Stroke 1",
              "mn": "ADBE Vector Graphic - Stroke",
              "hd": false
            },
            {
              "ty": "tr",
              "p": { "a": 0, "k": [0, 0], "ix": 2 },
              "a": { "a": 0, "k": [0, 0], "ix": 1 },
              "s": { "a": 0, "k": [100, 100], "ix": 3 },
              "r": { "a": 0, "k": 0, "ix": 6 },
              "o": { "a": 0, "k": 100, "ix": 7 },
              "sk": { "a": 0, "k": 0, "ix": 4 },
              "sa": { "a": 0, "k": 0, "ix": 5 },
              "nm": "Transform"
            }
          ],
          "nm": "Group 3",
          "np": 2,
          "cix": 2,
          "bm": 0,
          "ix": 3,
          "mn": "ADBE Vector Group",
          "hd": false
        },
        {
          "ty": "gr",
          "it": [
            {
              "ind": 0,
              "ty": "sh",
              "ix": 1,
              "ks": {
                "a": 0,
                "k": {
                  "i": [[0, 0], [0, 0], [0, 0], [2.659, 0], [0, 0]],
                  "o": [[0, 0], [0, 0], [-0.831, -2.526], [0, 0], [0, 0]],
                  "v": [
                    [28.946, 83.204],
                    [-32.332, 83.204],
                    [-51.312, 25.909],
                    [-57.16, 21.676],
                    [-61.784, 21.676]
                  ],
                  "c": false
                },
                "ix": 2
              },
              "nm": "Path 1",
              "mn": "ADBE Vector Shape - Group",
              "hd": false
            },
            {
              "ty": "st",
              "c": {
                "a": 0,
                "k": [0.180392161012, 0.180392161012, 0.180392161012, 1],
                "ix": 3
              },
              "o": { "a": 0, "k": 100, "ix": 4 },
              "w": { "a": 0, "k": 1, "ix": 5 },
              "lc": 2,
              "lj": 2,
              "bm": 0,
              "nm": "Stroke 1",
              "mn": "ADBE Vector Graphic - Stroke",
              "hd": false
            },
            {
              "ty": "tr",
              "p": { "a": 0, "k": [0, 0], "ix": 2 },
              "a": { "a": 0, "k": [0, 0], "ix": 1 },
              "s": { "a": 0, "k": [100, 100], "ix": 3 },
              "r": { "a": 0, "k": 0, "ix": 6 },
              "o": { "a": 0, "k": 100, "ix": 7 },
              "sk": { "a": 0, "k": 0, "ix": 4 },
              "sa": { "a": 0, "k": 0, "ix": 5 },
              "nm": "Transform"
            }
          ],
          "nm": "Group 4",
          "np": 2,
          "cix": 2,
          "bm": 0,
          "ix": 4,
          "mn": "ADBE Vector Group",
          "hd": false
        }
      ],
      "ip": -1.00000004073083,
      "op": 150.000006109625,
      "st": 0,
      "bm": 0
    },
    {
      "ddd": 0,
      "ind": 9,
      "ty": 4,
      "nm": "Left 2",
      "parent": 7,
      "sr": 1,
      "ks": {
        "o": { "a": 0, "k": 100, "ix": 11 },
        "r": { "a": 0, "k": 0, "ix": 10 },
        "p": { "a": 0, "k": [28.753, 105.628, 0], "ix": 2 },
        "a": { "a": 0, "k": [-31.247, 105.628, 0], "ix": 1 },
        "s": {
          "a": 1,
          "k": [
            {
              "i": { "x": [0.947, 0.492, 0.667], "y": [1, 1, 1] },
              "o": { "x": [1, 0.939, 0.333], "y": [0, 0, 0] },
              "t": 0,
              "s": [100, 100, 100]
            },
            { "t": 11.4000004643315, "s": [100, 56, 100] }
          ],
          "ix": 6,
          "x": "var $bm_rt;\n$bm_rt = loopOut('pingpong');"
        }
      },
      "ao": 0,
      "ef": [
        {
          "ty": 5,
          "nm": "Bulge",
          "np": 9,
          "mn": "ADBE Bulge",
          "ix": 1,
          "en": 1,
          "ef": [
            {
              "ty": 0,
              "nm": "Horizontal Radius",
              "mn": "ADBE Bulge-0001",
              "ix": 1,
              "v": {
                "a": 1,
                "k": [
                  {
                    "i": { "x": [0.667], "y": [1] },
                    "o": { "x": [0.333], "y": [0] },
                    "t": 7.125,
                    "s": [8]
                  },
                  {
                    "i": { "x": [0.833], "y": [1] },
                    "o": { "x": [0.333], "y": [0] },
                    "t": 11.4,
                    "s": [29]
                  },
                  { "t": 19.0000007738859, "s": [8] }
                ],
                "ix": 1,
                "x": "var $bm_rt;\n$bm_rt = loopOut('pingpong');"
              }
            },
            {
              "ty": 0,
              "nm": "Vertical Radius",
              "mn": "ADBE Bulge-0002",
              "ix": 2,
              "v": { "a": 0, "k": 7, "ix": 2 }
            },
            {
              "ty": 3,
              "nm": "Bulge Center",
              "mn": "ADBE Bulge-0003",
              "ix": 3,
              "v": { "a": 0, "k": [88.75, 212.75], "ix": 3 }
            },
            {
              "ty": 0,
              "nm": "Bulge Height",
              "mn": "ADBE Bulge-0004",
              "ix": 4,
              "v": { "a": 0, "k": 1, "ix": 4 }
            },
            {
              "ty": 0,
              "nm": "Taper Radius",
              "mn": "ADBE Bulge-0005",
              "ix": 5,
              "v": { "a": 0, "k": 0, "ix": 5 }
            },
            {
              "ty": 7,
              "nm": "Antialiasing (Best Qual Only)",
              "mn": "ADBE Bulge-0006",
              "ix": 6,
              "v": { "a": 0, "k": 1, "ix": 6 }
            },
            {
              "ty": 7,
              "nm": "Pinning",
              "mn": "ADBE Bulge-0007",
              "ix": 7,
              "v": { "a": 0, "k": 0, "ix": 7 }
            }
          ]
        }
      ],
      "shapes": [
        {
          "ty": "gr",
          "it": [
            {
              "ind": 0,
              "ty": "sh",
              "ix": 1,
              "ks": {
                "a": 0,
                "k": {
                  "i": [[0, 4.043], [4.043, 0], [0, -4.043], [-4.043, 0]],
                  "o": [[0, -4.043], [-4.043, 0], [0, 4.043], [4.043, 0]],
                  "v": [
                    [-23.926, 98.253],
                    [-31.247, 90.933],
                    [-38.568, 98.253],
                    [-31.247, 105.574]
                  ],
                  "c": true
                },
                "ix": 2
              },
              "nm": "Path 1",
              "mn": "ADBE Vector Shape - Group",
              "hd": false
            },
            {
              "ty": "st",
              "c": {
                "a": 0,
                "k": [0.180392161012, 0.180392161012, 0.180392161012, 1],
                "ix": 3
              },
              "o": { "a": 0, "k": 100, "ix": 4 },
              "w": { "a": 0, "k": 1, "ix": 5 },
              "lc": 2,
              "lj": 2,
              "bm": 0,
              "nm": "Stroke 1",
              "mn": "ADBE Vector Graphic - Stroke",
              "hd": false
            },
            {
              "ty": "tr",
              "p": { "a": 0, "k": [0, 0], "ix": 2 },
              "a": { "a": 0, "k": [0, 0], "ix": 1 },
              "s": { "a": 0, "k": [100, 100], "ix": 3 },
              "r": { "a": 0, "k": 0, "ix": 6 },
              "o": { "a": 0, "k": 100, "ix": 7 },
              "sk": { "a": 0, "k": 0, "ix": 4 },
              "sa": { "a": 0, "k": 0, "ix": 5 },
              "nm": "Transform"
            }
          ],
          "nm": "Group 1",
          "np": 2,
          "cix": 2,
          "bm": 0,
          "ix": 1,
          "mn": "ADBE Vector Group",
          "hd": false
        },
        {
          "ty": "fl",
          "c": {
            "a": 0,
            "k": [0.941176470588, 0.341176470588, 0.23137254902, 1],
            "ix": 4
          },
          "o": { "a": 0, "k": 100, "ix": 5 },
          "r": 1,
          "bm": 0,
          "nm": "Fill 1",
          "mn": "ADBE Vector Graphic - Fill",
          "hd": false
        }
      ],
      "ip": -1.00000004073083,
      "op": 150.000006109625,
      "st": 0,
      "bm": 0
    },
    {
      "ddd": 0,
      "ind": 10,
      "ty": 4,
      "nm": "Left",
      "sr": 1,
      "ks": {
        "o": { "a": 0, "k": 100, "ix": 11 },
        "r": { "a": 0, "k": 0, "ix": 10 },
        "p": { "a": 0, "k": [88.753, 220.628, 0], "ix": 2 },
        "a": { "a": 0, "k": [-31.247, 105.628, 0], "ix": 1 },
        "s": {
          "a": 1,
          "k": [
            {
              "i": { "x": [0.947, 0.492, 0.667], "y": [1, 1, 1] },
              "o": { "x": [1, 0.939, 0.333], "y": [0, 0, 0] },
              "t": 0,
              "s": [100, 100, 100]
            },
            { "t": 11.4000004643315, "s": [100, 56, 100] }
          ],
          "ix": 6,
          "x": "var $bm_rt;\n$bm_rt = loopOut('pingpong');"
        }
      },
      "ao": 0,
      "ef": [
        {
          "ty": 5,
          "nm": "Bulge",
          "np": 9,
          "mn": "ADBE Bulge",
          "ix": 1,
          "en": 1,
          "ef": [
            {
              "ty": 0,
              "nm": "Horizontal Radius",
              "mn": "ADBE Bulge-0001",
              "ix": 1,
              "v": { "a": 0, "k": 8, "ix": 1 }
            },
            {
              "ty": 0,
              "nm": "Vertical Radius",
              "mn": "ADBE Bulge-0002",
              "ix": 2,
              "v": { "a": 0, "k": 7, "ix": 2 }
            },
            {
              "ty": 3,
              "nm": "Bulge Center",
              "mn": "ADBE Bulge-0003",
              "ix": 3,
              "v": { "a": 0, "k": [88.75, 212.75], "ix": 3 }
            },
            {
              "ty": 0,
              "nm": "Bulge Height",
              "mn": "ADBE Bulge-0004",
              "ix": 4,
              "v": { "a": 0, "k": 1, "ix": 4 }
            },
            {
              "ty": 0,
              "nm": "Taper Radius",
              "mn": "ADBE Bulge-0005",
              "ix": 5,
              "v": { "a": 0, "k": 0, "ix": 5 }
            },
            {
              "ty": 7,
              "nm": "Antialiasing (Best Qual Only)",
              "mn": "ADBE Bulge-0006",
              "ix": 6,
              "v": { "a": 0, "k": 1, "ix": 6 }
            },
            {
              "ty": 7,
              "nm": "Pinning",
              "mn": "ADBE Bulge-0007",
              "ix": 7,
              "v": { "a": 0, "k": 0, "ix": 7 }
            }
          ]
        }
      ],
      "shapes": [
        {
          "ty": "gr",
          "it": [
            {
              "ind": 0,
              "ty": "sh",
              "ix": 1,
              "ks": {
                "a": 0,
                "k": {
                  "i": [[0, 4.043], [4.043, 0], [0, -4.043], [-4.043, 0]],
                  "o": [[0, -4.043], [-4.043, 0], [0, 4.043], [4.043, 0]],
                  "v": [
                    [-23.926, 98.253],
                    [-31.247, 90.933],
                    [-38.568, 98.253],
                    [-31.247, 105.574]
                  ],
                  "c": true
                },
                "ix": 2
              },
              "nm": "Path 1",
              "mn": "ADBE Vector Shape - Group",
              "hd": false
            },
            {
              "ty": "st",
              "c": {
                "a": 0,
                "k": [0.180392161012, 0.180392161012, 0.180392161012, 1],
                "ix": 3
              },
              "o": { "a": 0, "k": 100, "ix": 4 },
              "w": { "a": 0, "k": 1, "ix": 5 },
              "lc": 2,
              "lj": 2,
              "bm": 0,
              "nm": "Stroke 1",
              "mn": "ADBE Vector Graphic - Stroke",
              "hd": false
            },
            {
              "ty": "tr",
              "p": { "a": 0, "k": [0, 0], "ix": 2 },
              "a": { "a": 0, "k": [0, 0], "ix": 1 },
              "s": { "a": 0, "k": [100, 100], "ix": 3 },
              "r": { "a": 0, "k": 0, "ix": 6 },
              "o": { "a": 0, "k": 100, "ix": 7 },
              "sk": { "a": 0, "k": 0, "ix": 4 },
              "sa": { "a": 0, "k": 0, "ix": 5 },
              "nm": "Transform"
            }
          ],
          "nm": "Group 1",
          "np": 2,
          "cix": 2,
          "bm": 0,
          "ix": 1,
          "mn": "ADBE Vector Group",
          "hd": false
        },
        {
          "ty": "fl",
          "c": {
            "a": 0,
            "k": [0.941176470588, 0.341176470588, 0.23137254902, 1],
            "ix": 4
          },
          "o": { "a": 0, "k": 100, "ix": 5 },
          "r": 1,
          "bm": 0,
          "nm": "Fill 1",
          "mn": "ADBE Vector Graphic - Fill",
          "hd": false
        }
      ],
      "ip": -1.00000004073083,
      "op": 150.000006109625,
      "st": 0,
      "bm": 0
    },
    {
      "ddd": 0,
      "ind": 11,
      "ty": 4,
      "nm": "Calendar",
      "sr": 1,
      "ks": {
        "o": { "a": 0, "k": 100, "ix": 11 },
        "r": { "a": 0, "k": 0, "ix": 10 },
        "p": { "a": 0, "k": [120, 115, 0], "ix": 2 },
        "a": { "a": 0, "k": [0, 0, 0], "ix": 1 },
        "s": { "a": 0, "k": [100, 100, 100], "ix": 6 }
      },
      "ao": 0,
      "shapes": [
        {
          "ty": "gr",
          "it": [
            {
              "ind": 0,
              "ty": "sh",
              "ix": 1,
              "ks": {
                "a": 0,
                "k": {
                  "i": [
                    [0, 0],
                    [0, 0],
                    [0, 0],
                    [-3.799, 0],
                    [0, 0],
                    [0, -3.799]
                  ],
                  "o": [
                    [0, 0],
                    [0, 0],
                    [0, -3.799],
                    [0, 0],
                    [3.799, 0],
                    [0, 0]
                  ],
                  "v": [
                    [74.64, -51.345],
                    [47.718, -51.345],
                    [47.718, -82.895],
                    [54.598, -89.775],
                    [67.761, -89.775],
                    [74.64, -82.895]
                  ],
                  "c": true
                },
                "ix": 2
              },
              "nm": "Path 1",
              "mn": "ADBE Vector Shape - Group",
              "hd": false
            },
            {
              "ty": "fl",
              "c": {
                "a": 0,
                "k": [0.945098042488, 0.945098042488, 0.949019610882, 1],
                "ix": 4
              },
              "o": { "a": 0, "k": 100, "ix": 5 },
              "r": 1,
              "bm": 0,
              "nm": "Fill 1",
              "mn": "ADBE Vector Graphic - Fill",
              "hd": false
            },
            {
              "ty": "tr",
              "p": { "a": 0, "k": [0, 0], "ix": 2 },
              "a": { "a": 0, "k": [0, 0], "ix": 1 },
              "s": { "a": 0, "k": [100, 100], "ix": 3 },
              "r": { "a": 0, "k": 0, "ix": 6 },
              "o": { "a": 0, "k": 100, "ix": 7 },
              "sk": { "a": 0, "k": 0, "ix": 4 },
              "sa": { "a": 0, "k": 0, "ix": 5 },
              "nm": "Transform"
            }
          ],
          "nm": "Group 1",
          "np": 2,
          "cix": 2,
          "bm": 0,
          "ix": 1,
          "mn": "ADBE Vector Group",
          "hd": false
        },
        {
          "ty": "gr",
          "it": [
            {
              "ind": 0,
              "ty": "sh",
              "ix": 1,
              "ks": {
                "a": 0,
                "k": {
                  "i": [
                    [0, 0],
                    [0, 0],
                    [0, 0],
                    [-3.799, 0],
                    [0, 0],
                    [0, -3.799]
                  ],
                  "o": [
                    [0, 0],
                    [0, 0],
                    [0, -3.799],
                    [0, 0],
                    [3.799, 0],
                    [0, 0]
                  ],
                  "v": [
                    [-47.513, -51.345],
                    [-74.435, -51.345],
                    [-74.435, -82.895],
                    [-67.555, -89.775],
                    [-54.392, -89.775],
                    [-47.513, -82.895]
                  ],
                  "c": true
                },
                "ix": 2
              },
              "nm": "Path 1",
              "mn": "ADBE Vector Shape - Group",
              "hd": false
            },
            {
              "ty": "fl",
              "c": {
                "a": 0,
                "k": [0.945098042488, 0.945098042488, 0.949019610882, 1],
                "ix": 4
              },
              "o": { "a": 0, "k": 100, "ix": 5 },
              "r": 1,
              "bm": 0,
              "nm": "Fill 1",
              "mn": "ADBE Vector Graphic - Fill",
              "hd": false
            },
            {
              "ty": "tr",
              "p": { "a": 0, "k": [0, 0], "ix": 2 },
              "a": { "a": 0, "k": [0, 0], "ix": 1 },
              "s": { "a": 0, "k": [100, 100], "ix": 3 },
              "r": { "a": 0, "k": 0, "ix": 6 },
              "o": { "a": 0, "k": 100, "ix": 7 },
              "sk": { "a": 0, "k": 0, "ix": 4 },
              "sa": { "a": 0, "k": 0, "ix": 5 },
              "nm": "Transform"
            }
          ],
          "nm": "Group 2",
          "np": 2,
          "cix": 2,
          "bm": 0,
          "ix": 2,
          "mn": "ADBE Vector Group",
          "hd": false
        },
        {
          "ty": "gr",
          "it": [
            {
              "ind": 0,
              "ty": "sh",
              "ix": 1,
              "ks": {
                "a": 0,
                "k": {
                  "i": [[2.761, 0], [0, 0], [0, 2.761], [0, 0], [0, 0], [0, 0]],
                  "o": [
                    [0, 0],
                    [-2.761, 0],
                    [0, 0],
                    [0, 0],
                    [0, 0],
                    [0, 2.761]
                  ],
                  "v": [
                    [91.164, 84.914],
                    [-90.959, 84.914],
                    [-95.959, 79.914],
                    [-95.959, -26.34],
                    [96.164, -26.34],
                    [96.164, 79.914]
                  ],
                  "c": true
                },
                "ix": 2
              },
              "nm": "Path 1",
              "mn": "ADBE Vector Shape - Group",
              "hd": false
            },
            {
              "ty": "fl",
              "c": {
                "a": 0,
                "k": [0.945098042488, 0.945098042488, 0.949019610882, 1],
                "ix": 4
              },
              "o": { "a": 0, "k": 100, "ix": 5 },
              "r": 1,
              "bm": 0,
              "nm": "Fill 1",
              "mn": "ADBE Vector Graphic - Fill",
              "hd": false
            },
            {
              "ty": "tr",
              "p": { "a": 0, "k": [0, 0], "ix": 2 },
              "a": { "a": 0, "k": [0, 0], "ix": 1 },
              "s": { "a": 0, "k": [100, 100], "ix": 3 },
              "r": { "a": 0, "k": 0, "ix": 6 },
              "o": { "a": 0, "k": 100, "ix": 7 },
              "sk": { "a": 0, "k": 0, "ix": 4 },
              "sa": { "a": 0, "k": 0, "ix": 5 },
              "nm": "Transform"
            }
          ],
          "nm": "Group 3",
          "np": 2,
          "cix": 2,
          "bm": 0,
          "ix": 3,
          "mn": "ADBE Vector Group",
          "hd": false
        },
        {
          "ty": "gr",
          "it": [
            {
              "ind": 0,
              "ty": "sh",
              "ix": 1,
              "ks": {
                "a": 0,
                "k": {
                  "i": [
                    [0, 0],
                    [0, 0],
                    [0, 0],
                    [-2.761, 0],
                    [0, 0],
                    [0, -2.761]
                  ],
                  "o": [
                    [0, 0],
                    [0, 0],
                    [0, -2.761],
                    [0, 0],
                    [2.761, 0],
                    [0, 0]
                  ],
                  "v": [
                    [96.164, -32.502],
                    [-95.959, -32.502],
                    [-95.959, -57.489],
                    [-90.959, -62.489],
                    [91.164, -62.489],
                    [96.164, -57.489]
                  ],
                  "c": true
                },
                "ix": 2
              },
              "nm": "Path 1",
              "mn": "ADBE Vector Shape - Group",
              "hd": false
            },
            {
              "ty": "fl",
              "c": {
                "a": 0,
                "k": [0.945098042488, 0.945098042488, 0.949019610882, 1],
                "ix": 4
              },
              "o": { "a": 0, "k": 100, "ix": 5 },
              "r": 1,
              "bm": 0,
              "nm": "Fill 1",
              "mn": "ADBE Vector Graphic - Fill",
              "hd": false
            },
            {
              "ty": "tr",
              "p": { "a": 0, "k": [0, 0], "ix": 2 },
              "a": { "a": 0, "k": [0, 0], "ix": 1 },
              "s": { "a": 0, "k": [100, 100], "ix": 3 },
              "r": { "a": 0, "k": 0, "ix": 6 },
              "o": { "a": 0, "k": 100, "ix": 7 },
              "sk": { "a": 0, "k": 0, "ix": 4 },
              "sa": { "a": 0, "k": 0, "ix": 5 },
              "nm": "Transform"
            }
          ],
          "nm": "Group 4",
          "np": 2,
          "cix": 2,
          "bm": 0,
          "ix": 4,
          "mn": "ADBE Vector Group",
          "hd": false
        }
      ],
      "ip": -1.00000004073083,
      "op": 150.000006109625,
      "st": 0,
      "bm": 0
    }
  ],
  "markers": []
}
